{
  "timestamp": "2026-06-04T21:30:03.095589",
  "threshold_strategy": "fixed",
  "results": {
    "av1": {
      "threshold": 0.5,
      "accuracy": 0.8823529411764706,
      "precision": 0.8823529411764706,
      "recall": 1.0,
      "f1": 0.9375,
      "tn": 0,
      "fp": 2,
      "fn": 0,
      "tp": 15,
      "fpr": 1.0,
      "roc_auc": 0.6,
      "pr_auc": 0.9424271480153833,
      "eer": 0.4666666666666667
    },
    "faceavceleb": {
      "threshold": 0.5,
      "accuracy": 0.45,
      "precision": 0.42105263157894735,
      "recall": 1.0,
      "f1": 0.5925925925925926,
      "tn": 1,
      "fp": 11,
      "fn": 0,
      "tp": 8,
      "fpr": 0.9166666666666666,
      "roc_auc": 0.875,
      "pr_auc": 0.8581845238095238,
      "eer": 0.125
    }
  }
}