{
  "timestamp": "2026-06-04T22:32:48.261035",
  "threshold_strategy": "fixed",
  "results": {
    "dfdc": {
      "threshold": 0.5,
      "accuracy": 0.5080906148867314,
      "precision": 0.5050505050505051,
      "recall": 0.967741935483871,
      "f1": 0.6637168141592921,
      "tn": 14,
      "fp": 294,
      "fn": 10,
      "tp": 300,
      "fpr": 0.9545454545454546,
      "roc_auc": 0.5482928361960621,
      "pr_auc": 0.5393802086659385,
      "eer": 0.4448051948051948
    }
  }
}